round,table_number,player_1,player_1_score,player_2,player_2_score
1,1,Nigel Richards,NZL,510,-
1,2,Siddharth Nithyanand,IND,434,-
1,3,Charles Carneiro,IND,515,-
1,4,Akshay Bhandarkar,IND,517,-
1,5,Dean Saldanha,CAN,391,-
1,6,Sanhanat Klanying,THA,379,-
1,7,Komol Panyasophonlert,THA,422,-
1,8,Lukeman Owolabi,IRL,469,-
1,9,Chollapat Itthi-Aree,THA,447,-
1,10,Brian Po,HKG,361,-
1,11,Andrew Fisher,AUS,457,-
1,12,Anthony Ikolo,NGA,479,-
1,13,Rik Kennedy,GBR,525,-
1,14,Jimoh Abdulmumin,NGA,-100,-
1,14,Cameron Farlow,AUS,100,-
1,15,Thacha Koowirat,THA,459,-
1,16,Jesse Day,USA,100,-
1,16,Ezinore George,NGA,-100,-
1,17,Natthakorn Siriwatthanaphongsa,THA,526,-
1,18,Dave Wiegand,USA,498,-
1,19,Sherwin Rodrigues,IND,495,-
1,20,Akegapun Erbprasartsook,THA,574,-
1,21,Vannitha Balasingam,MYS,430,-
1,22,Darren Khoo,MYS,452,-
1,23,Suyash Manchali,IND,402,-
1,24,Ben Schoenbrun,USA,389,-
1,25,Nattapat Nak-in,THA,467,-
1,26,Doko Oluwatimilehin,NGA,-100,-
1,26,Trevor Halsall,AUS,100,-
1,27,Jakkrit Klaphajone,THA,492,-
1,28,Jason Keller,USA,390,-
1,29,Nuti Suri,THA,500,-
1,30,Chaiyottha Manachaisit,THA,479,-
1,31,Samuel Crispin,GBR,387,-
1,32,Udayan Grover,IND,-100,-
1,32,Russell Honeybun,AUS,100,-
1,33,Rob Robinsky,USA,479,-
1,34,Ricky Purnomo,SGP,425,-
1,35,David Webb,GBR,456,-
1,36,Puttapong Moonsarn,THA,534,-
1,37,J Jeyaseelan,SGP,337,-
1,38,Kian Boon Liew,SGP,620,-
1,39,CharnwitS Sukhumrattanaporn,THA,407,-
1,40,Ishika Shivalingaiah,IND,423,-
1,41,Apirat Choomai,THA,424,-
1,42,Natalie Zolty,GBR,446,-
1,43,Josh Watt,AUS,402,-
1,44,Alexander Gozali,IDN,430,-
2,1,Jason Carney,GBR,415,-
2,2,Euclid Hui,HKG,531,-
2,3,Akshay Bhandarkar,IND,491,-
2,4,Nuti Suri,THA,429,-
2,5,Sherwin Rodrigues,IND,491,-
2,6,Thitipol Barameemuang,THA,388,-
2,7,Weibin Toh,SGP,505,-
2,8,Brian Po,HKG,469,-
2,9,Aditya Iyengar,IND,440,-
2,10,Trevor Halsall,AUS,432,-
2,11,Charae Worapotpisut,THA,418,-
2,12,Gerry Carter,THA,424,-
2,13,Rob Robinsky,USA,462,-
2,14,Sanhanat Klanying,THA,434,-
2,15,Kian Boon Liew,SGP,413,-
2,16,Samrath Singh Bhatia,IND,494,-
2,17,Pesol Kosalakood,THA,381,-
2,18,Mike Baron,USA,296,-
2,19,Thacha Koowirat,THA,528,-
2,20,Chollapat Itthi-Aree,THA,397,-
2,21,Rasheed Balogun,USA,473,-
2,22,Suyash Manchali,IND,518,-
2,23,Sanjoy Gupta,IND,402,-
2,24,Irfan Siddiqui,BHR,480,-
2,25,Odette Rio,PHL,510,-
2,26,Norases Vesdapunt,THA,450,-
2,27,David Eldar,AUS,463,-
2,28,Ming Hui Hubert Wee,SGP,449,-
2,29,Piotr Andronowski,GBR,424,-
2,30,Harshan Lamabadusuriya,GBR,432,-
2,31,Marlon Prudencio,SGP,431,-
2,32,Cameron Farlow,AUS,418,-
2,33,Doko Oluwatimilehin,NGA,-100,-
2,33,Lukeman Owolabi,IRL,100,-
2,34,Nopparuj Tipkaew,THA,472,-
2,35,Siu Hean Cheah,SGP,480,-
2,36,Sujana Somasekar,IND,371,-
2,37,Thomson Law,HKG,421,-
2,38,Waseem Khatri,PAK,426,-
2,40,Edward Okulicz,AUS,364,-
2,41,Michael Gongolo,KEN,381,-
2,42,Joshua Castellano,USA,460,-
2,43,Ryan Wee,SGP,491,-
2,44,Orlet Bullock,VCT,331,-
2,,Chock Heng Kong,MYS,183,-
3,1,Alexander Gozali,IDN,533,-
3,2,Andrew Fisher,AUS,402,-
3,3,Madhav Gopal Kamath,IND,499,-
3,4,Nigel Richards,NZL,434,-
3,5,Puttapong Moonsarn,THA,319,-
3,6,Dave Wiegand,USA,526,-
3,7,Charles Carneiro,IND,443,-
3,8,Rik Kennedy,GBR,357,-
3,9,Natthakorn Siriwatthanaphongsa,THA,488,-
3,10,Chaiyottha Manachaisit,THA,451,-
3,11,Natalie Zolty,GBR,478,-
3,12,Panupol Sujjayakorn,THA,450,-
3,13,Nattapat Nak-in,THA,334,-
3,14,Napat Vatjaranurathorn,THA,465,-
3,15,Komol Panyasophonlert,THA,406,-
3,16,Ishika Shivalingaiah,IND,364,-
3,17,Weibin Toh,SGP,430,-
3,18,Anthony Ikolo,NGA,261,-
3,19,Darren Khoo,MYS,477,-
3,20,Thomson Law,HKG,466,-
3,21,Soramet Mettaviharee,THA,473,-
3,22,CharnwitS Sukhumrattanaporn,THA,410,-
3,23,Norases Vesdapunt,THA,565,-
3,24,Samrath Singh Bhatia,IND,443,-
3,25,Josh Watt,AUS,380,-
3,26,Aditya Iyengar,IND,423,-
3,27,Waseem Khatri,PAK,442,-
3,28,Doko Oluwatimilehin,NGA,-100,-
3,28,Lukeman Owolabi,IRL,100,-
3,29,William Kang,MYS,565,-
3,30,Joshua Castellano,USA,480,-
3,31,Piotr Andronowski,GBR,496,-
3,32,Sujana Somasekar,IND,454,-
3,33,Marlon Prudencio,SGP,375,-
3,34,Orlet Bullock,VCT,443,-
3,35,Rasheed Balogun,USA,495,-
3,36,Samson Okosagah,USA,372,-
3,37,Sanjoy Gupta,IND,379,-
3,38,Jason Carney,GBR,375,-
3,39,Austin Shin,USA,554,-
3,40,Jack Moran,GBR,449,-
3,41,Gerry Carter,THA,453,-
3,42,Ben Schoenbrun,USA,453,-
3,43,Irfan Siddiqui,BHR,388,-
3,44,Euclid Hui,HKG,514,-
4,1,Madhav Gopal Kamath,IND,396,-
4,2,Cameron Farlow,AUS,465,-
4,3,Dave Wiegand,USA,437,-
4,4,Andrew Fisher,AUS,411,-
4,5,Chollapat Itthi-Aree,THA,529,-
4,6,Odette Rio,PHL,469,-
4,7,Napat Vatjaranurathorn,THA,432,-
4,8,David Eldar,AUS,420,-
4,9,Weibin Toh,SGP,376,-
4,10,Siddharth Nithyanand,IND,387,-
4,11,Joshua Castellano,USA,445,-
4,12,Russell Honeybun,AUS,376,-
4,13,Akegapun Erbprasartsook,THA,340,-
4,14,Chock Heng Kong,MYS,367,-
4,15,Jason Keller,USA,471,-
4,16,Soramet Mettaviharee,THA,446,-
4,17,Vannitha Balasingam,MYS,503,-
4,18,Pesol Kosalakood,THA,407,-
4,19,Komol Panyasophonlert,THA,543,-
4,20,Dean Saldanha,CAN,458,-
4,21,Samuel Crispin,GBR,372,-
4,22,David Webb,GBR,466,-
4,23,Jesse Day,USA,394,-
4,24,Anthony Ikolo,NGA,399,-
4,25,Samson Okosagah,USA,420,-
4,26,Doko Oluwatimilehin,NGA,-100,-
4,26,Austin Shin,USA,100,-
4,27,Michael Gongolo,KEN,442,-
4,28,Ezinore George,NGA,459,-
4,29,Charles Carneiro,IND,467,-
4,30,Charae Worapotpisut,THA,368,-
4,31,Siu Hean Cheah,SGP,364,-
4,32,Edward Okulicz,AUS,465,-
4,33,Thitipol Barameemuang,THA,461,-
4,34,J Jeyaseelan,SGP,429,-
4,35,Nopparuj Tipkaew,THA,536,-
4,36,Udayan Grover,IND,483,-
4,37,Ming Hui Hubert Wee,SGP,530,-
4,38,Sujana Somasekar,IND,468,-
4,39,Jimoh Abdulmumin,NGA,478,-
4,40,CharnwitI Iamudom,THA,455,-
4,41,Ryan Wee,SGP,408,-
4,42,Sanjoy Gupta,IND,349,-
4,43,Orlet Bullock,VCT,367,-
4,44,Mike Baron,USA,348,-
5,1,Napat Vatjaranurathorn,THA,456,-
5,2,Thomson Law,HKG,420,-
5,3,Thacha Koowirat,THA,433,-
5,4,Natthakorn Siriwatthanaphongsa,THA,393,-
5,5,Alexander Gozali,IDN,396,-
5,6,Natalie Zolty,GBR,425,-
5,7,Trevor Halsall,AUS,494,-
5,8,Norases Vesdapunt,THA,387,-
5,9,Pesol Kosalakood,THA,297,-
5,10,Akegapun Erbprasartsook,THA,424,-
5,11,Puttapong Moonsarn,THA,390,-
5,12,Panupol Sujjayakorn,THA,463,-
5,13,Piotr Andronowski,GBR,526,-
5,14,Jesse Day,USA,468,-
5,15,Russell Honeybun,AUS,467,-
5,16,Chock Heng Kong,MYS,420,-
5,17,Ricky Purnomo,SGP,477,-
5,18,Suyash Manchali,IND,471,-
5,19,Jakkrit Klaphajone,THA,434,-
5,20,Dean Saldanha,CAN,515,-
5,21,Samuel Crispin,GBR,344,-
5,22,Austin Shin,USA,415,-
5,23,Sherwin Rodrigues,IND,475,-
5,24,William Kang,MYS,399,-
5,25,Vannitha Balasingam,MYS,427,-
5,26,Ming Hui Hubert Wee,SGP,389,-
5,27,Udayan Grover,IND,607,-
5,28,Charles Carneiro,IND,432,-
5,29,Siu Hean Cheah,SGP,403,-
5,30,Jimoh Abdulmumin,NGA,467,-
5,31,J Jeyaseelan,SGP,396,-
5,32,Jack Moran,GBR,402,-
5,33,Samrath Singh Bhatia,IND,357,-
5,34,Harshan Lamabadusuriya,GBR,544,-
5,35,Ryan Wee,SGP,417,-
5,36,Ishika Shivalingaiah,IND,446,-
5,37,Brian Po,HKG,437,-
5,38,Marlon Prudencio,SGP,508,-
5,39,Waseem Khatri,PAK,438,-
5,40,Apirat Choomai,THA,398,-
5,41,Thitipol Barameemuang,THA,293,-
5,42,Ben Schoenbrun,USA,100,-
5,42,Doko Oluwatimilehin,NGA,-100,-
5,43,CharnwitI Iamudom,THA,557,-
5,44,Sanhanat Klanying,THA,455,-
6,1,Cameron Farlow,AUS,486,-
6,2,Natthakorn Siriwatthanaphongsa,THA,430,-
6,3,Darren Khoo,MYS,473,-
6,4,Trevor Halsall,AUS,378,-
6,5,Akshay Bhandarkar,IND,512,-
6,6,Jakkrit Klaphajone,THA,409,-
6,7,Soramet Mettaviharee,THA,341,-
6,8,Madhav Gopal Kamath,IND,551,-
6,9,Panupol Sujjayakorn,THA,444,-
6,10,CharnwitS Sukhumrattanaporn,THA,463,-
6,11,Andrew Fisher,AUS,477,-
6,12,Rasheed Balogun,USA,398,-
6,13,Nigel Richards,NZL,464,-
6,14,Rob Robinsky,USA,487,-
6,15,Norases Vesdapunt,THA,362,-
6,16,Sujana Somasekar,IND,458,-
6,17,Chaiyottha Manachaisit,THA,444,-
6,18,Lukeman Owolabi,IRL,500,-
6,19,Ricky Purnomo,SGP,464,-
6,20,Chock Heng Kong,MYS,373,-
6,21,Sherwin Rodrigues,IND,401,-
6,22,Nattapat Nak-in,THA,397,-
6,23,Josh Watt,AUS,505,-
6,24,Samuel Crispin,GBR,481,-
6,25,Nuti Suri,THA,352,-
6,26,Udayan Grover,IND,260,-
6,27,David Webb,GBR,328,-
6,28,Irfan Siddiqui,BHR,482,-
6,29,Jesse Day,USA,450,-
6,30,J Jeyaseelan,SGP,339,-
6,31,Ben Schoenbrun,USA,575,-
6,32,Euclid Hui,HKG,470,-
6,33,Kian Boon Liew,SGP,481,-
6,34,Ezinore George,NGA,415,-
6,35,Jack Moran,GBR,489,-
6,36,Charae Worapotpisut,THA,547,-
6,37,Harshan Lamabadusuriya,GBR,499,-
6,38,Samson Okosagah,USA,418,-
6,39,Gerry Carter,THA,357,-
6,40,Michael Gongolo,KEN,359,-
6,41,CharnwitI Iamudom,THA,491,-
6,42,Doko Oluwatimilehin,NGA,-100,-
6,42,Jason Carney,GBR,100,-
6,43,Sanjoy Gupta,IND,458,-
6,44,Mike Baron,USA,486,-
7,1,Napat Vatjaranurathorn,THA,458,-
7,2,Akshay Bhandarkar,IND,462,-
7,3,Rob Robinsky,USA,413,-
7,4,CharnwitS Sukhumrattanaporn,THA,530,-
7,5,Darren Khoo,MYS,382,-
7,6,David Eldar,AUS,544,-
7,7,Puttapong Moonsarn,THA,361,-
7,8,Panupol Sujjayakorn,THA,387,-
7,9,Dean Saldanha,CAN,286,-
7,10,Edward Okulicz,AUS,483,-
7,11,Joshua Castellano,USA,447,-
7,12,Thacha Koowirat,THA,485,-
7,13,Natalie Zolty,GBR,474,-
7,14,Chollapat Itthi-Aree,THA,414,-
7,15,Soramet Mettaviharee,THA,472,-
7,16,Suyash Manchali,IND,410,-
7,17,Pesol Kosalakood,THA,515,-
7,18,Akegapun Erbprasartsook,THA,421,-
7,19,Ricky Purnomo,SGP,423,-
7,20,Aditya Iyengar,IND,350,-
7,21,Ishika Shivalingaiah,IND,392,-
7,22,Rik Kennedy,GBR,480,-
7,23,Norases Vesdapunt,THA,428,-
7,24,Michael Gongolo,KEN,521,-
7,25,Ming Hui Hubert Wee,SGP,391,-
7,26,CharnwitI Iamudom,THA,402,-
7,27,Marlon Prudencio,SGP,442,-
7,28,Lukeman Owolabi,IRL,432,-
7,29,Odette Rio,PHL,355,-
7,30,Samrath Singh Bhatia,IND,526,-
7,31,Sanhanat Klanying,THA,426,-
7,32,Siddharth Nithyanand,IND,451,-
7,33,Vannitha Balasingam,MYS,347,-
7,34,Jason Keller,USA,428,-
7,35,David Webb,GBR,431,-
7,36,Samson Okosagah,USA,430,-
7,37,William Kang,MYS,322,-
7,38,Jason Carney,GBR,398,-
7,39,Ezinore George,NGA,467,-
7,40,Gerry Carter,THA,460,-
7,41,Anthony Ikolo,NGA,475,-
7,42,Apirat Choomai,THA,415,-
7,43,Doko Oluwatimilehin,NGA,401,-
7,44,Mike Baron,USA,389,-
8,1,Dave Wiegand,USA,417,-
8,2,Cameron Farlow,AUS,452,-
8,3,Panupol Sujjayakorn,THA,375,-
8,4,Andrew Fisher,AUS,552,-
8,5,Josh Watt,AUS,421,-
8,6,Trevor Halsall,AUS,340,-
8,7,Russell Honeybun,AUS,449,-
8,8,Rasheed Balogun,USA,474,-
8,9,Darren Khoo,MYS,552,-
8,10,Alexander Gozali,IDN,458,-
8,11,Madhav Gopal Kamath,IND,451,-
8,12,Weibin Toh,SGP,477,-
8,13,David Eldar,AUS,430,-
8,14,Nigel Richards,NZL,444,-
8,15,Komol Panyasophonlert,THA,479,-
8,16,Piotr Andronowski,GBR,439,-
8,17,Austin Shin,USA,325,-
8,18,Jimoh Abdulmumin,NGA,497,-
8,19,Ben Schoenbrun,USA,497,-
8,20,Chaiyottha Manachaisit,THA,495,-
8,21,CharnwitI Iamudom,THA,436,-
8,22,Thomson Law,HKG,454,-
8,23,Harshan Lamabadusuriya,GBR,470,-
8,24,Nopparuj Tipkaew,THA,403,-
8,25,Jakkrit Klaphajone,THA,448,-
8,26,Edward Okulicz,AUS,466,-
8,27,Jesse Day,USA,518,-
8,28,Rik Kennedy,GBR,382,-
8,29,Udayan Grover,IND,356,-
8,30,Jason Keller,USA,468,-
8,31,Charae Worapotpisut,THA,475,-
8,32,Brian Po,HKG,420,-
8,33,Jack Moran,GBR,426,-
8,34,Sanjoy Gupta,IND,437,-
8,35,Nuti Suri,THA,427,-
8,36,Siu Hean Cheah,SGP,542,-
8,37,David Webb,GBR,489,-
8,38,J Jeyaseelan,SGP,433,-
8,39,Samrath Singh Bhatia,IND,464,-
8,40,William Kang,MYS,390,-
8,41,Ezinore George,NGA,461,-
8,42,Ryan Wee,SGP,456,-
8,43,Apirat Choomai,THA,444,-
8,44,Thitipol Barameemuang,THA,411,-
9,1,Napat Vatjaranurathorn,THA,536,-
9,2,Dave Wiegand,USA,443,-
9,3,Akshay Bhandarkar,IND,404,-
9,4,Russell Honeybun,AUS,423,-
9,5,Puttapong Moonsarn,THA,494,-
9,6,Charles Carneiro,IND,341,-
9,7,Rasheed Balogun,USA,394,-
9,8,Joshua Castellano,USA,459,-
9,9,Madhav Gopal Kamath,IND,399,-
9,10,Irfan Siddiqui,BHR,402,-
9,11,Weibin Toh,SGP,418,-
9,12,Nopparuj Tipkaew,THA,489,-
9,13,Kian Boon Liew,SGP,464,-
9,14,Natalie Zolty,GBR,552,-
9,15,Natthakorn Siriwatthanaphongsa,THA,356,-
9,16,Suyash Manchali,IND,459,-
9,17,Soramet Mettaviharee,THA,492,-
9,18,Sujana Somasekar,IND,443,-
9,19,Jason Keller,USA,486,-
9,20,Piotr Andronowski,GBR,506,-
9,21,Chollapat Itthi-Aree,THA,468,-
9,22,Chaiyottha Manachaisit,THA,456,-
9,23,Euclid Hui,HKG,335,-
9,24,Michael Gongolo,KEN,325,-
9,25,Marlon Prudencio,SGP,479,-
9,26,Nattapat Nak-in,THA,446,-
9,27,Udayan Grover,IND,393,-
9,28,Ming Hui Hubert Wee,SGP,441,-
9,29,Jakkrit Klaphajone,THA,429,-
9,30,Samuel Crispin,GBR,399,-
9,31,Pesol Kosalakood,THA,436,-
9,32,Vannitha Balasingam,MYS,517,-
9,33,Aditya Iyengar,IND,468,-
9,34,Jimoh Abdulmumin,NGA,471,-
9,35,Sherwin Rodrigues,IND,426,-
9,36,Waseem Khatri,PAK,461,-
9,37,Sanhanat Klanying,THA,373,-
9,38,Siddharth Nithyanand,IND,477,-
9,39,Nuti Suri,THA,475,-
9,40,Charae Worapotpisut,THA,398,-
9,41,Ryan Wee,SGP,435,-
9,42,Orlet Bullock,VCT,379,-
9,43,Apirat Choomai,THA,375,-
9,44,Doko Oluwatimilehin,NGA,562,-
10,1,Josh Watt,AUS,410,-
10,2,Cameron Farlow,AUS,322,-
10,3,Dave Wiegand,USA,427,-
10,4,CharnwitS Sukhumrattanaporn,THA,485,-
10,5,Rob Robinsky,USA,434,-
10,6,Akshay Bhandarkar,IND,469,-
10,7,Thacha Koowirat,THA,450,-
10,8,Ben Schoenbrun,USA,484,-
10,9,Trevor Halsall,AUS,589,-
10,10,Kian Boon Liew,SGP,370,-
10,11,Komol Panyasophonlert,THA,493,-
10,12,Natthakorn Siriwatthanaphongsa,THA,406,-
10,13,Edward Okulicz,AUS,316,-
10,14,Jesse Day,USA,397,-
10,15,Alexander Gozali,IDN,386,-
10,16,Irfan Siddiqui,BHR,381,-
10,17,Ricky Purnomo,SGP,490,-
10,18,Rik Kennedy,GBR,387,-
10,19,Austin Shin,USA,498,-
10,20,Natalie Zolty,GBR,465,-
10,21,Nopparuj Tipkaew,THA,387,-
10,22,Harshan Lamabadusuriya,GBR,396,-
10,23,Brian Po,HKG,400,-
10,24,Jakkrit Klaphajone,THA,523,-
10,25,Akegapun Erbprasartsook,THA,482,-
10,26,Jason Carney,GBR,553,-
10,27,Jimoh Abdulmumin,NGA,352,-
10,28,Aditya Iyengar,IND,328,-
10,29,CharnwitI Iamudom,THA,379,-
10,30,Odette Rio,PHL,455,-
10,31,Thomson Law,HKG,379,-
10,32,Charae Worapotpisut,THA,403,-
10,33,Siu Hean Cheah,SGP,526,-
10,34,Samson Okosagah,USA,410,-
10,35,Ishika Shivalingaiah,IND,524,-
10,36,Anthony Ikolo,NGA,457,-
10,37,Mike Baron,USA,375,-
10,38,Jack Moran,GBR,440,-
10,39,Chock Heng Kong,MYS,493,-
10,40,William Kang,MYS,399,-
10,41,Gerry Carter,THA,434,-
10,42,Ryan Wee,SGP,364,-
10,43,Orlet Bullock,VCT,536,-
10,44,Thitipol Barameemuang,THA,512,-
11,1,Josh Watt,AUS,416,-
11,2,Andrew Fisher,AUS,416,-
11,3,Ben Schoenbrun,USA,482,-
11,4,Rob Robinsky,USA,427,-
11,5,David Eldar,AUS,100,-
11,5,CharnwitS Sukhumrattanaporn,THA,-100,-
11,6,Puttapong Moonsarn,THA,390,-
11,7,Nigel Richards,NZL,525,-
11,8,Soramet Mettaviharee,THA,497,-
11,9,Panupol Sujjayakorn,THA,444,-
11,10,Austin Shin,USA,445,-
11,11,Chollapat Itthi-Aree,THA,391,-
11,12,Komol Panyasophonlert,THA,457,-
11,13,David Webb,GBR,407,-
11,14,Weibin Toh,SGP,536,-
11,15,Rasheed Balogun,USA,446,-
11,16,Suyash Manchali,IND,366,-
11,17,Joshua Castellano,USA,491,-
11,18,Thacha Koowirat,THA,540,-
11,19,Alexander Gozali,IDN,447,-
11,20,Natthakorn Siriwatthanaphongsa,THA,416,-
11,21,Siu Hean Cheah,SGP,416,-
11,22,Brian Po,HKG,411,-
11,23,Dean Saldanha,CAN,397,-
11,24,Sujana Somasekar,IND,347,-
11,25,Aditya Iyengar,IND,483,-
11,26,Ming Hui Hubert Wee,SGP,429,-
11,27,Edward Okulicz,AUS,496,-
11,28,Lukeman Owolabi,IRL,468,-
11,29,Udayan Grover,IND,486,-
11,30,Marlon Prudencio,SGP,390,-
11,31,Odette Rio,PHL,360,-
11,32,Nopparuj Tipkaew,THA,508,-
11,33,Sanhanat Klanying,THA,521,-
11,34,Euclid Hui,HKG,445,-
11,35,Anthony Ikolo,NGA,432,-
11,36,Nattapat Nak-in,THA,405,-
11,37,Gerry Carter,THA,353,-
11,38,Thomson Law,HKG,482,-
11,39,Waseem Khatri,PAK,455,-
11,40,Sanjoy Gupta,IND,307,-
11,41,Samuel Crispin,GBR,438,-
11,42,Apirat Choomai,THA,411,-
11,43,Mike Baron,USA,391,-
11,44,Doko Oluwatimilehin,NGA,493,-
12,1,Napat Vatjaranurathorn,THA,403,-
12,2,Josh Watt,AUS,398,-
12,3,Ricky Purnomo,SGP,355,-
12,4,Jason Keller,USA,482,-
12,5,David Eldar,AUS,536,-
12,6,CharnwitS Sukhumrattanaporn,THA,335,-
12,7,Nigel Richards,NZL,442,-
12,8,Darren Khoo,MYS,505,-
12,9,Trevor Halsall,AUS,448,-
12,10,Russell Honeybun,AUS,426,-
12,11,Kian Boon Liew,SGP,647,-
12,12,Jason Carney,GBR,433,-
12,13,David Webb,GBR,410,-
12,14,Chaiyottha Manachaisit,THA,434,-
12,15,Madhav Gopal Kamath,IND,498,-
12,16,Piotr Andronowski,GBR,420,-
12,17,Thacha Koowirat,THA,420,-
12,18,Irfan Siddiqui,BHR,484,-
12,19,Alexander Gozali,IDN,384,-
12,20,Jimoh Abdulmumin,NGA,415,-
12,21,Harshan Lamabadusuriya,GBR,539,-
12,22,Akegapun Erbprasartsook,THA,520,-
12,23,Brian Po,HKG,464,-
12,24,Dean Saldanha,CAN,472,-
12,25,Rik Kennedy,GBR,484,-
12,26,Samrath Singh Bhatia,IND,403,-
12,27,Ming Hui Hubert Wee,SGP,556,-
12,28,Pesol Kosalakood,THA,484,-
12,29,Nattapat Nak-in,THA,469,-
12,30,Udayan Grover,IND,487,-
12,31,Orlet Bullock,VCT,442,-
12,32,Odette Rio,PHL,462,-
12,33,Sanhanat Klanying,THA,494,-
12,34,Samson Okosagah,USA,472,-
12,35,Euclid Hui,HKG,490,-
12,36,CharnwitI Iamudom,THA,400,-
12,37,Sherwin Rodrigues,IND,500,-
12,38,Gerry Carter,THA,412,-
12,39,Waseem Khatri,PAK,498,-
12,40,Siddharth Nithyanand,IND,446,-
12,41,Samuel Crispin,GBR,571,-
12,42,Jack Moran,GBR,486,-
12,43,J Jeyaseelan,SGP,490,-
12,44,Doko Oluwatimilehin,NGA,554,-
13,1,Ben Schoenbrun,USA,422,-
13,2,Napat Vatjaranurathorn,THA,456,-
13,3,David Eldar,AUS,495,-
13,4,Jason Keller,USA,484,-
13,5,Soramet Mettaviharee,THA,476,-
13,6,Darren Khoo,MYS,424,-
13,7,Madhav Gopal Kamath,IND,453,-
13,8,Puttapong Moonsarn,THA,510,-
13,9,Komol Panyasophonlert,THA,479,-
13,10,Jesse Day,USA,481,-
13,11,Rasheed Balogun,USA,468,-
13,12,Cameron Farlow,AUS,455,-
13,13,Ricky Purnomo,SGP,476,-
13,14,Piotr Andronowski,GBR,492,-
13,15,Kian Boon Liew,SGP,394,-
13,16,Vannitha Balasingam,MYS,526,-
13,17,Rik Kennedy,GBR,528,-
13,18,Charles Carneiro,IND,546,-
13,19,Panupol Sujjayakorn,THA,420,-
13,20,Jakkrit Klaphajone,THA,385,-
13,21,Aditya Iyengar,IND,390,-
13,22,Suyash Manchali,IND,282,-
13,23,Irfan Siddiqui,BHR,549,-
13,24,Lukeman Owolabi,IRL,442,-
13,25,Akegapun Erbprasartsook,THA,389,-
13,26,Nopparuj Tipkaew,THA,404,-
13,27,Ezinore George,NGA,455,-
13,28,Dean Saldanha,CAN,408,-
13,29,Marlon Prudencio,SGP,373,-
13,30,Euclid Hui,HKG,421,-
13,31,Pesol Kosalakood,THA,498,-
13,32,Michael Gongolo,KEN,570,-
13,33,Nuti Suri,THA,499,-
13,34,Norases Vesdapunt,THA,389,-
13,35,Waseem Khatri,PAK,498,-
13,36,Ryan Wee,SGP,407,-
13,37,Ishika Shivalingaiah,IND,449,-
13,38,Orlet Bullock,VCT,516,-
13,39,Thomson Law,HKG,417,-
13,40,William Kang,MYS,406,-
13,41,Thitipol Barameemuang,THA,358,-
13,42,J Jeyaseelan,SGP,471,-
13,43,Apirat Choomai,THA,378,-
13,44,Mike Baron,USA,352,-
14,1,Ben Schoenbrun,USA,411,-
14,2,Akshay Bhandarkar,IND,436,-
14,3,David Eldar,AUS,447,-
14,4,Dave Wiegand,USA,465,-
14,5,Andrew Fisher,AUS,472,-
14,6,Madhav Gopal Kamath,IND,454,-
14,7,Russell Honeybun,AUS,376,-
14,8,Weibin Toh,SGP,415,-
14,9,Rob Robinsky,USA,425,-
14,10,Trevor Halsall,AUS,367,-
14,11,Joshua Castellano,USA,556,-
14,12,Panupol Sujjayakorn,THA,484,-
14,13,Rik Kennedy,GBR,395,-
14,14,Chaiyottha Manachaisit,THA,368,-
14,15,CharnwitS Sukhumrattanaporn,THA,506,-
14,16,Aditya Iyengar,IND,481,-
14,17,Irfan Siddiqui,BHR,349,-
14,18,Cameron Farlow,AUS,506,-
14,19,Harshan Lamabadusuriya,GBR,388,-
14,20,Austin Shin,USA,468,-
14,21,Akegapun Erbprasartsook,THA,469,-
14,22,Samrath Singh Bhatia,IND,426,-
14,23,Charles Carneiro,IND,502,-
14,24,Siu Hean Cheah,SGP,426,-
14,25,Ezinore George,NGA,385,-
14,26,Natalie Zolty,GBR,434,-
14,27,Pesol Kosalakood,THA,274,-
14,28,Vannitha Balasingam,MYS,527,-
14,29,Sherwin Rodrigues,IND,323,-
14,30,Michael Gongolo,KEN,440,-
14,31,Marlon Prudencio,SGP,472,-
14,32,Odette Rio,PHL,484,-
14,33,Samson Okosagah,USA,422,-
14,34,Anthony Ikolo,NGA,436,-
14,35,CharnwitI Iamudom,THA,453,-
14,36,Chock Heng Kong,MYS,405,-
14,37,Charae Worapotpisut,THA,354,-
14,38,Ishika Shivalingaiah,IND,424,-
14,39,Nuti Suri,THA,519,-
14,40,Siddharth Nithyanand,IND,349,-
14,41,Jack Moran,GBR,468,-
14,42,Thitipol Barameemuang,THA,403,-
14,43,Sanjoy Gupta,IND,445,-
14,44,Apirat Choomai,THA,570,-
15,1,Dave Wiegand,USA,436,-
15,2,Napat Vatjaranurathorn,THA,436,-
15,3,David Eldar,AUS,506,-
15,4,Josh Watt,AUS,507,-
15,5,Akshay Bhandarkar,IND,347,-
15,6,Ricky Purnomo,SGP,380,-
15,7,Andrew Fisher,AUS,439,-
15,8,Nigel Richards,NZL,414,-
15,9,Thacha Koowirat,THA,516,-
15,10,Vannitha Balasingam,MYS,394,-
15,11,Charles Carneiro,IND,450,-
15,12,Chaiyottha Manachaisit,THA,507,-
15,13,Russell Honeybun,AUS,563,-
15,14,Nattapat Nak-in,THA,422,-
15,15,Joshua Castellano,USA,455,-
15,16,Jakkrit Klaphajone,THA,341,-
15,17,Siu Hean Cheah,SGP,418,-
15,18,Jesse Day,USA,379,-
15,19,Natalie Zolty,GBR,435,-
15,20,Harshan Lamabadusuriya,GBR,435,-
15,21,Edward Okulicz,AUS,454,-
15,22,Sanhanat Klanying,THA,440,-
15,23,Jason Carney,GBR,453,-
15,24,Chollapat Itthi-Aree,THA,426,-
15,25,Euclid Hui,HKG,459,-
15,26,David Webb,GBR,425,-
15,27,Alexander Gozali,IDN,536,-
15,28,Samson Okosagah,USA,444,-
15,29,Lukeman Owolabi,IRL,401,-
15,30,Nuti Suri,THA,437,-
15,31,Orlet Bullock,VCT,389,-
15,32,Waseem Khatri,PAK,460,-
15,33,Ishika Shivalingaiah,IND,387,-
15,34,Nopparuj Tipkaew,THA,549,-
15,35,Ryan Wee,SGP,360,-
15,36,Chock Heng Kong,MYS,526,-
15,37,Doko Oluwatimilehin,NGA,472,-
15,38,Sujana Somasekar,IND,428,-
15,39,Siddharth Nithyanand,IND,362,-
15,40,Gerry Carter,THA,496,-
15,41,Norases Vesdapunt,THA,478,-
15,42,Charae Worapotpisut,THA,420,-
15,43,William Kang,MYS,366,-
15,44,Thitipol Barameemuang,THA,412,-
16,1,Jason Keller,USA,450,-
16,2,Dave Wiegand,USA,574,-
16,3,Komol Panyasophonlert,THA,380,-
16,4,Madhav Gopal Kamath,IND,510,-
16,5,Akshay Bhandarkar,IND,463,-
16,6,Darren Khoo,MYS,451,-
16,7,Andrew Fisher,AUS,494,-
16,8,Weibin Toh,SGP,379,-
16,9,Brian Po,HKG,486,-
16,10,Kian Boon Liew,SGP,407,-
16,11,Charles Carneiro,IND,460,-
16,12,Chaiyottha Manachaisit,THA,503,-
16,13,CharnwitS Sukhumrattanaporn,THA,536,-
16,14,Aditya Iyengar,IND,434,-
16,15,Nattapat Nak-in,THA,410,-
16,16,Ming Hui Hubert Wee,SGP,403,-
16,17,Piotr Andronowski,GBR,364,-
16,18,Soramet Mettaviharee,THA,491,-
16,19,Harshan Lamabadusuriya,GBR,469,-
16,20,Udayan Grover,IND,478,-
16,21,Jimoh Abdulmumin,NGA,366,-
16,22,Odette Rio,PHL,427,-
16,23,Edward Okulicz,AUS,358,-
16,24,Dean Saldanha,CAN,479,-
16,25,Euclid Hui,HKG,544,-
16,26,Rasheed Balogun,USA,374,-
16,27,Chollapat Itthi-Aree,THA,357,-
16,28,Lukeman Owolabi,IRL,344,-
16,29,Austin Shin,USA,394,-
16,30,Nopparuj Tipkaew,THA,465,-
16,31,Orlet Bullock,VCT,336,-
16,32,Anthony Ikolo,NGA,417,-
16,33,Samrath Singh Bhatia,IND,422,-
16,34,Natthakorn Siriwatthanaphongsa,THA,348,-
16,35,Marlon Prudencio,SGP,482,-
16,36,Sherwin Rodrigues,IND,376,-
16,37,Samuel Crispin,GBR,368,-
16,38,J Jeyaseelan,SGP,325,-
16,39,Chock Heng Kong,MYS,586,-
16,40,Norases Vesdapunt,THA,441,-
16,41,William Kang,MYS,462,-
16,42,Sanjoy Gupta,IND,451,-
16,43,Mike Baron,USA,367,-
16,44,Thitipol Barameemuang,THA,446,-
17,1,Josh Watt,AUS,414,-
17,2,Napat Vatjaranurathorn,THA,617,-
17,3,Darren Khoo,MYS,381,-
17,4,Jason Keller,USA,442,-
17,5,Puttapong Moonsarn,THA,312,-
17,6,Kian Boon Liew,SGP,393,-
17,7,Komol Panyasophonlert,THA,594,-
17,8,Ricky Purnomo,SGP,420,-
17,9,Nigel Richards,NZL,427,-
17,10,Nattapat Nak-in,THA,446,-
17,11,Piotr Andronowski,GBR,513,-
17,12,Joshua Castellano,USA,543,-
17,13,Cameron Farlow,AUS,491,-
17,14,Soramet Mettaviharee,THA,409,-
17,15,David Webb,GBR,327,-
17,16,Trevor Halsall,AUS,390,-
17,17,Edward Okulicz,AUS,296,-
17,18,Chollapat Itthi-Aree,THA,430,-
17,19,CharnwitS Sukhumrattanaporn,THA,442,-
17,20,Jason Carney,GBR,354,-
17,21,Jesse Day,USA,462,-
17,22,Vannitha Balasingam,MYS,352,-
17,23,Suyash Manchali,IND,463,-
17,24,Austin Shin,USA,588,-
17,25,Akegapun Erbprasartsook,THA,363,-
17,26,Udayan Grover,IND,403,-
17,27,Rasheed Balogun,USA,514,-
17,28,Ezinore George,NGA,405,-
17,29,Dean Saldanha,CAN,434,-
17,30,Rob Robinsky,USA,492,-
17,31,Michael Gongolo,KEN,506,-
17,32,Doko Oluwatimilehin,NGA,396,-
17,33,Sherwin Rodrigues,IND,495,-
17,34,Jack Moran,GBR,459,-
17,35,Nuti Suri,THA,483,-
17,36,Sujana Somasekar,IND,473,-
17,37,Ishika Shivalingaiah,IND,383,-
17,38,Norases Vesdapunt,THA,398,-
17,39,Samuel Crispin,GBR,423,-
17,40,Siddharth Nithyanand,IND,382,-
17,41,CharnwitI Iamudom,THA,398,-
17,42,Sanjoy Gupta,IND,401,-
17,43,Thomson Law,HKG,431,-
17,44,William Kang,MYS,465,-
18,1,Dave Wiegand,USA,555,-
18,2,Ben Schoenbrun,USA,408,-
18,3,David Eldar,AUS,491,-
18,4,Darren Khoo,MYS,438,-
18,5,Andrew Fisher,AUS,466,-
18,6,Joshua Castellano,USA,408,-
18,7,Cameron Farlow,AUS,480,-
18,8,Thacha Koowirat,THA,503,-
18,9,Irfan Siddiqui,BHR,531,-
18,10,Puttapong Moonsarn,THA,334,-
18,11,Soramet Mettaviharee,THA,462,-
18,12,Russell Honeybun,AUS,365,-
18,13,Jakkrit Klaphajone,THA,313,-
18,14,Panupol Sujjayakorn,THA,448,-
18,15,Sanhanat Klanying,THA,363,-
18,16,Piotr Andronowski,GBR,484,-
18,17,Rik Kennedy,GBR,287,-
18,18,Alexander Gozali,IDN,500,-
18,19,Suyash Manchali,IND,359,-
18,20,Jason Carney,GBR,439,-
18,21,Ming Hui Hubert Wee,SGP,442,-
18,22,Nopparuj Tipkaew,THA,413,-
18,23,Jesse Day,USA,476,-
18,24,Siu Hean Cheah,SGP,463,-
18,25,Aditya Iyengar,IND,477,-
18,26,Pesol Kosalakood,THA,456,-
18,27,Natalie Zolty,GBR,464,-
18,28,Samson Okosagah,USA,364,-
18,29,Sujana Somasekar,IND,428,-
18,30,Doko Oluwatimilehin,NGA,316,-
18,31,Chock Heng Kong,MYS,491,-
18,32,Jack Moran,GBR,518,-
18,33,Michael Gongolo,KEN,555,-
18,34,Samrath Singh Bhatia,IND,482,-
18,35,Sherwin Rodrigues,IND,458,-
18,36,Gerry Carter,THA,422,-
18,37,Charae Worapotpisut,THA,460,-
18,38,Anthony Ikolo,NGA,506,-
18,39,Ryan Wee,SGP,375,-
18,40,Apirat Choomai,THA,471,-
18,41,Siddharth Nithyanand,IND,303,-
18,42,J Jeyaseelan,SGP,356,-
18,43,Mike Baron,USA,437,-
18,44,Thomson Law,HKG,358,-
19,1,Madhav Gopal Kamath,IND,433,-
19,2,Jason Keller,USA,459,-
19,3,Napat Vatjaranurathorn,THA,399,-
19,4,Ben Schoenbrun,USA,366,-
19,5,Joshua Castellano,USA,499,-
19,6,Weibin Toh,SGP,484,-
19,7,Thacha Koowirat,THA,442,-
19,8,Komol Panyasophonlert,THA,540,-
19,9,Kian Boon Liew,SGP,346,-
19,10,Harshan Lamabadusuriya,GBR,359,-
19,11,Brian Po,HKG,471,-
19,12,Jakkrit Klaphajone,THA,442,-
19,13,Puttapong Moonsarn,THA,535,-
19,14,Irfan Siddiqui,BHR,522,-
19,15,Nigel Richards,NZL,520,-
19,16,Ming Hui Hubert Wee,SGP,488,-
19,17,Waseem Khatri,PAK,449,-
19,18,Ezinore George,NGA,347,-
19,19,Odette Rio,PHL,421,-
19,20,Euclid Hui,HKG,374,-
19,21,Nattapat Nak-in,THA,499,-
19,22,Udayan Grover,IND,391,-
19,23,Austin Shin,USA,478,-
19,24,Trevor Halsall,AUS,323,-
19,25,Rasheed Balogun,USA,487,-
19,26,David Webb,GBR,519,-
19,27,Rob Robinsky,USA,500,-
19,28,Dean Saldanha,CAN,430,-
19,29,Jason Carney,GBR,431,-
19,30,Jimoh Abdulmumin,NGA,547,-
19,31,Sujana Somasekar,IND,401,-
19,32,Lukeman Owolabi,IRL,445,-
19,33,Chock Heng Kong,MYS,366,-
19,34,Natthakorn Siriwatthanaphongsa,THA,477,-
19,35,Charae Worapotpisut,THA,406,-
19,36,Samrath Singh Bhatia,IND,381,-
19,37,Ishika Shivalingaiah,IND,347,-
19,38,Ryan Wee,SGP,755,-
19,39,Anthony Ikolo,NGA,362,-
19,40,CharnwitI Iamudom,THA,451,-
19,41,Siddharth Nithyanand,IND,360,-
19,42,Samuel Crispin,GBR,307,-
19,43,J Jeyaseelan,SGP,408,-
19,44,Thitipol Barameemuang,THA,365,-
20,1,Darren Khoo,MYS,478,-
20,2,Chaiyottha Manachaisit,THA,372,-
20,3,Andrew Fisher,AUS,513,-
20,4,Thacha Koowirat,THA,426,-
20,5,Akshay Bhandarkar,IND,450,-
20,6,Soramet Mettaviharee,THA,392,-
20,7,Panupol Sujjayakorn,THA,439,-
20,8,Komol Panyasophonlert,THA,493,-
20,9,Josh Watt,AUS,306,-
20,10,Brian Po,HKG,458,-
20,11,Alexander Gozali,IDN,423,-
20,12,Charles Carneiro,IND,389,-
20,13,CharnwitS Sukhumrattanaporn,THA,453,-
20,14,Puttapong Moonsarn,THA,408,-
20,15,Russell Honeybun,AUS,493,-
20,16,Euclid Hui,HKG,321,-
20,17,Nigel Richards,NZL,541,-
20,18,Waseem Khatri,PAK,400,-
20,19,Austin Shin,USA,387,-
20,20,Ezinore George,NGA,375,-
20,21,Jack Moran,GBR,335,-
20,22,Sanhanat Klanying,THA,419,-
20,23,Jesse Day,USA,520,-
20,24,Pesol Kosalakood,THA,494,-
20,25,Odette Rio,PHL,419,-
20,26,Rik Kennedy,GBR,412,-
20,27,Trevor Halsall,AUS,460,-
20,28,Natalie Zolty,GBR,415,-
20,29,Vannitha Balasingam,MYS,373,-
20,30,Rob Robinsky,USA,428,-
20,31,Edward Okulicz,AUS,325,-
20,32,Chock Heng Kong,MYS,433,-
20,33,Rasheed Balogun,USA,420,-
20,34,Samson Okosagah,USA,354,-
20,35,Sherwin Rodrigues,IND,100,-
20,35,Natthakorn Siriwatthanaphongsa,THA,-100,-
20,36,Akegapun Erbprasartsook,THA,449,-
20,37,Marlon Prudencio,SGP,494,-
20,38,Norases Vesdapunt,THA,427,-
20,39,Doko Oluwatimilehin,NGA,419,-
20,40,Orlet Bullock,VCT,317,-
20,41,Gerry Carter,THA,378,-
20,42,Apirat Choomai,THA,450,-
20,43,Samuel Crispin,GBR,411,-
20,44,Mike Baron,USA,278,-
21,1,Jason Keller,USA,480,-
21,2,Akshay Bhandarkar,IND,400,-
21,3,Panupol Sujjayakorn,THA,426,-
21,4,Chaiyottha Manachaisit,THA,471,-
21,5,Brian Po,HKG,611,-
21,6,Napat Vatjaranurathorn,THA,326,-
21,7,Andrew Fisher,AUS,486,-
21,8,Nigel Richards,NZL,558,-
21,9,Josh Watt,AUS,502,-
21,10,CharnwitS Sukhumrattanaporn,THA,428,-
21,11,Weibin Toh,SGP,360,-
21,12,Alexander Gozali,IDN,468,-
21,13,Cameron Farlow,AUS,509,-
21,14,Michael Gongolo,KEN,463,-
21,15,Jimoh Abdulmumin,NGA,425,-
21,16,Russell Honeybun,AUS,319,-
21,17,Jakkrit Klaphajone,THA,463,-
21,18,Suyash Manchali,IND,397,-
21,19,Dean Saldanha,CAN,325,-
21,20,Siu Hean Cheah,SGP,490,-
21,21,Chollapat Itthi-Aree,THA,380,-
21,22,Jesse Day,USA,-100,-
21,22,David Webb,GBR,100,-
21,23,Odette Rio,PHL,541,-
21,24,Nuti Suri,THA,452,-
21,25,Pesol Kosalakood,THA,486,-
21,26,Natalie Zolty,GBR,505,-
21,27,Ezinore George,NGA,416,-
21,28,Rob Robinsky,USA,512,-
21,29,Marlon Prudencio,SGP,368,-
21,30,Sanhanat Klanying,THA,488,-
21,31,Rik Kennedy,GBR,510,-
21,32,Jack Moran,GBR,-100,-
21,32,Samrath Singh Bhatia,IND,100,-
21,33,Lukeman Owolabi,IRL,375,-
21,34,Ishika Shivalingaiah,IND,402,-
21,35,William Kang,MYS,415,-
21,36,Charae Worapotpisut,THA,318,-
21,37,Edward Okulicz,AUS,516,-
21,38,Anthony Ikolo,NGA,318,-
21,39,Orlet Bullock,VCT,426,-
21,40,Sanjoy Gupta,IND,432,-
21,41,Gerry Carter,THA,344,-
21,42,Thitipol Barameemuang,THA,365,-
21,43,Thomson Law,HKG,461,-
21,44,Mike Baron,USA,310,-
22,1,David Eldar,AUS,606,-
22,2,Darren Khoo,MYS,556,-
22,3,Madhav Gopal Kamath,IND,537,-
22,4,Chaiyottha Manachaisit,THA,421,-
22,5,Thacha Koowirat,THA,450,-
22,6,Komol Panyasophonlert,THA,403,-
22,7,Irfan Siddiqui,BHR,380,-
22,8,Weibin Toh,SGP,456,-
22,9,Dave Wiegand,USA,416,-
22,10,Josh Watt,AUS,421,-
22,11,Aditya Iyengar,IND,430,-
22,12,Kian Boon Liew,SGP,524,-
22,13,Michael Gongolo,KEN,428,-
22,14,Piotr Andronowski,GBR,405,-
22,15,Ricky Purnomo,SGP,488,-
22,16,Puttapong Moonsarn,THA,486,-
22,17,Nattapat Nak-in,THA,343,-
22,18,Waseem Khatri,PAK,441,-
22,19,Charles Carneiro,IND,500,-
22,20,Siu Hean Cheah,SGP,413,-
22,21,Jason Carney,GBR,441,-
22,22,Nuti Suri,THA,428,-
22,23,Trevor Halsall,AUS,433,-
22,24,Dean Saldanha,CAN,512,-
22,25,Chollapat Itthi-Aree,THA,357,-
22,26,Sherwin Rodrigues,IND,502,-
22,27,Udayan Grover,IND,493,-
22,28,Ezinore George,NGA,422,-
22,29,Vannitha Balasingam,MYS,485,-
22,30,Sujana Somasekar,IND,468,-
22,31,Nopparuj Tipkaew,THA,420,-
22,32,Samrath Singh Bhatia,IND,477,-
22,33,Samson Okosagah,USA,456,-
22,34,William Kang,MYS,455,-
22,35,Akegapun Erbprasartsook,THA,422,-
22,36,Norases Vesdapunt,THA,354,-
22,37,Ryan Wee,SGP,519,-
22,38,Anthony Ikolo,NGA,444,-
22,39,Sanjoy Gupta,IND,525,-
22,40,Apirat Choomai,THA,421,-
22,41,Gerry Carter,THA,544,-
22,42,Siddharth Nithyanand,IND,463,-
22,43,Thomson Law,HKG,450,-
22,,Jesse Day,USA,-100,-
22,,Mike Baron,USA,100,-
23,1,Madhav Gopal Kamath,IND,563,-
23,2,Jason Keller,USA,500,-
23,3,Darren Khoo,MYS,421,-
23,4,Brian Po,HKG,338,-
23,5,Panupol Sujjayakorn,THA,485,-
23,6,Joshua Castellano,USA,400,-
23,7,Thacha Koowirat,THA,463,-
23,8,Aditya Iyengar,IND,387,-
23,9,Napat Vatjaranurathorn,THA,439,-
23,10,Ben Schoenbrun,USA,582,-
23,11,Jakkrit Klaphajone,THA,430,-
23,12,Weibin Toh,SGP,446,-
23,13,Jimoh Abdulmumin,NGA,432,-
23,14,Cameron Farlow,AUS,461,-
23,15,Ming Hui Hubert Wee,SGP,442,-
23,16,Ricky Purnomo,SGP,480,-
23,17,Harshan Lamabadusuriya,GBR,452,-
23,18,Siu Hean Cheah,SGP,493,-
23,19,Kian Boon Liew,SGP,430,-
23,20,Russell Honeybun,AUS,383,-
23,21,Nuti Suri,THA,484,-
23,22,Natalie Zolty,GBR,377,-
23,23,Jason Carney,GBR,438,-
23,24,Udayan Grover,IND,364,-
23,25,Rob Robinsky,USA,436,-
23,26,Sanhanat Klanying,THA,531,-
23,27,Doko Oluwatimilehin,NGA,510,-
23,28,Nopparuj Tipkaew,THA,418,-
23,29,Samson Okosagah,USA,491,-
23,30,Vannitha Balasingam,MYS,456,-
23,31,Akegapun Erbprasartsook,THA,454,-
23,32,Natthakorn Siriwatthanaphongsa,THA,454,-
23,33,Rik Kennedy,GBR,422,-
23,34,Jack Moran,GBR,565,-
23,35,Orlet Bullock,VCT,401,-
23,36,Lukeman Owolabi,IRL,450,-
23,37,William Kang,MYS,465,-
23,38,Norases Vesdapunt,THA,414,-
23,39,CharnwitI Iamudom,THA,373,-
23,40,Apirat Choomai,THA,449,-
23,41,Samuel Crispin,GBR,460,-
23,42,Thomson Law,HKG,445,-
23,43,J Jeyaseelan,SGP,434,-
23,,Jesse Day,USA,-100,-
23,,Siddharth Nithyanand,IND,100,-
24,1,Dave Wiegand,USA,438,-
24,2,Madhav Gopal Kamath,IND,460,-
24,3,Jason Keller,USA,461,-
24,4,Akshay Bhandarkar,IND,505,-
24,5,Joshua Castellano,USA,520,-
24,6,Panupol Sujjayakorn,THA,412,-
24,7,Soramet Mettaviharee,THA,414,-
24,8,Josh Watt,AUS,431,-
24,9,Nigel Richards,NZL,434,-
24,10,CharnwitS Sukhumrattanaporn,THA,457,-
24,11,Aditya Iyengar,IND,363,-
24,12,Irfan Siddiqui,BHR,354,-
24,13,Harshan Lamabadusuriya,GBR,592,-
24,14,Ben Schoenbrun,USA,478,-
24,15,Michael Gongolo,KEN,443,-
24,16,Piotr Andronowski,GBR,410,-
24,17,Ricky Purnomo,SGP,485,-
24,18,Suyash Manchali,IND,410,-
24,19,Austin Shin,USA,433,-
24,20,Charles Carneiro,IND,332,-
24,21,Udayan Grover,IND,372,-
24,22,David Webb,GBR,455,-
24,23,Samrath Singh Bhatia,IND,471,-
24,24,Sujana Somasekar,IND,479,-
24,25,Nattapat Nak-in,THA,499,-
24,26,Trevor Halsall,AUS,734,-
24,27,Euclid Hui,HKG,361,-
24,28,Sherwin Rodrigues,IND,408,-
24,29,Ezinore George,NGA,461,-
24,30,Ryan Wee,SGP,461,-
24,31,Chollapat Itthi-Aree,THA,456,-
24,32,Sanjoy Gupta,IND,393,-
24,33,Rik Kennedy,GBR,392,-
24,34,Marlon Prudencio,SGP,424,-
24,35,Charae Worapotpisut,THA,387,-
24,36,Edward Okulicz,AUS,485,-
24,37,Natthakorn Siriwatthanaphongsa,THA,392,-
24,38,Ishika Shivalingaiah,IND,465,-
24,39,Lukeman Owolabi,IRL,375,-
24,40,Rasheed Balogun,USA,460,-
24,41,Thomson Law,HKG,506,-
24,42,J Jeyaseelan,SGP,466,-
24,43,Mike Baron,USA,361,-
24,,Jesse Day,USA,-100,-
24,,Thitipol Barameemuang,THA,100,-
25,1,Chaiyottha Manachaisit,THA,463,-
25,2,Madhav Gopal Kamath,IND,426,-
25,3,David Eldar,AUS,514,-
25,4,Brian Po,HKG,288,-
25,5,Aditya Iyengar,IND,416,-
25,6,Akshay Bhandarkar,IND,463,-
25,7,Komol Panyasophonlert,THA,616,-
25,8,Harshan Lamabadusuriya,GBR,463,-
25,9,Napat Vatjaranurathorn,THA,501,-
25,10,CharnwitS Sukhumrattanaporn,THA,341,-
25,11,Nigel Richards,NZL,378,-
25,12,Cameron Farlow,AUS,419,-
25,13,Jimoh Abdulmumin,NGA,413,-
25,14,Soramet Mettaviharee,THA,418,-
25,15,Nuti Suri,THA,558,-
25,16,Siu Hean Cheah,SGP,398,-
25,17,Nattapat Nak-in,THA,449,-
25,18,Natalie Zolty,GBR,483,-
25,19,Waseem Khatri,PAK,314,-
25,20,Suyash Manchali,IND,453,-
25,21,Odette Rio,PHL,362,-
25,22,Sanhanat Klanying,THA,394,-
25,23,Chollapat Itthi-Aree,THA,592,-
25,24,Jakkrit Klaphajone,THA,368,-
25,25,Samrath Singh Bhatia,IND,398,-
25,26,Doko Oluwatimilehin,NGA,465,-
25,27,William Kang,MYS,555,-
25,28,Charles Carneiro,IND,447,-
25,29,Russell Honeybun,AUS,372,-
25,30,Ryan Wee,SGP,415,-
25,31,Pesol Kosalakood,THA,508,-
25,32,Anthony Ikolo,NGA,313,-
25,33,Euclid Hui,HKG,485,-
25,34,Marlon Prudencio,SGP,452,-
25,35,Rasheed Balogun,USA,394,-
25,36,Edward Okulicz,AUS,473,-
25,37,Sanjoy Gupta,IND,375,-
25,38,CharnwitI Iamudom,THA,476,-
25,39,Charae Worapotpisut,THA,416,-
25,40,Orlet Bullock,VCT,365,-
25,41,J Jeyaseelan,SGP,375,-
25,42,Thitipol Barameemuang,THA,413,-
25,43,Siddharth Nithyanand,IND,386,-
25,,Jesse Day,USA,-100,-
25,,Gerry Carter,THA,100,-
26,1,Dave Wiegand,USA,388,-
26,2,David Eldar,AUS,525,-
26,3,Chaiyottha Manachaisit,THA,352,-
26,4,Andrew Fisher,AUS,495,-
26,5,Brian Po,HKG,424,-
26,6,Akshay Bhandarkar,IND,576,-
26,7,Komol Panyasophonlert,THA,360,-
26,8,Jimoh Abdulmumin,NGA,378,-
26,9,Ricky Purnomo,SGP,490,-
26,10,Napat Vatjaranurathorn,THA,537,-
26,11,Kian Boon Liew,SGP,436,-
26,12,Alexander Gozali,IDN,442,-
26,13,Irfan Siddiqui,BHR,443,-
26,14,Weibin Toh,SGP,449,-
26,15,Michael Gongolo,KEN,459,-
26,16,Piotr Andronowski,GBR,301,-
26,17,Siu Hean Cheah,SGP,271,-
26,18,Suyash Manchali,IND,425,-
26,19,Samson Okosagah,USA,491,-
26,20,Ming Hui Hubert Wee,SGP,511,-
26,21,Sujana Somasekar,IND,506,-
26,22,Odette Rio,PHL,330,-
26,23,David Webb,GBR,455,-
26,24,Jakkrit Klaphajone,THA,467,-
26,25,Jason Carney,GBR,475,-
26,26,Austin Shin,USA,510,-
26,27,Doko Oluwatimilehin,NGA,400,-
26,28,Pesol Kosalakood,THA,471,-
26,29,Dean Saldanha,CAN,411,-
26,30,Ryan Wee,SGP,499,-
26,31,Rob Robinsky,USA,393,-
26,32,Jack Moran,GBR,576,-
26,33,Ishika Shivalingaiah,IND,365,-
26,34,Vannitha Balasingam,MYS,521,-
26,35,Natthakorn Siriwatthanaphongsa,THA,359,-
26,36,Rasheed Balogun,USA,543,-
26,37,Sanjoy Gupta,IND,490,-
26,38,CharnwitI Iamudom,THA,398,-
26,39,Chock Heng Kong,MYS,366,-
26,40,Apirat Choomai,THA,415,-
26,41,Thomson Law,HKG,401,-
26,42,Siddharth Nithyanand,IND,457,-
26,43,Gerry Carter,THA,492,-
26,,Jesse Day,USA,-100,-
26,,J Jeyaseelan,SGP,100,-
27,1,Darren Khoo,MYS,380,-
27,2,Dave Wiegand,USA,448,-
27,3,Joshua Castellano,USA,542,-
27,4,Jason Keller,USA,491,-
27,5,Andrew Fisher,AUS,410,-
27,6,Cameron Farlow,AUS,474,-
27,7,Panupol Sujjayakorn,THA,392,-
27,8,Napat Vatjaranurathorn,THA,491,-
27,9,Kian Boon Liew,SGP,416,-
27,10,Alexander Gozali,IDN,371,-
27,11,Ben Schoenbrun,USA,457,-
27,12,Michael Gongolo,KEN,529,-
27,13,Irfan Siddiqui,BHR,439,-
27,14,Puttapong Moonsarn,THA,320,-
27,15,Ricky Purnomo,SGP,417,-
27,16,Ming Hui Hubert Wee,SGP,371,-
27,17,Soramet Mettaviharee,THA,300,-
27,18,Sherwin Rodrigues,IND,543,-
27,19,David Webb,GBR,547,-
27,20,Samrath Singh Bhatia,IND,412,-
27,21,Nattapat Nak-in,THA,366,-
27,22,Waseem Khatri,PAK,439,-
27,23,William Kang,MYS,595,-
27,24,Akegapun Erbprasartsook,THA,537,-
27,25,Charles Carneiro,IND,484,-
27,26,Udayan Grover,IND,432,-
27,27,Sanhanat Klanying,THA,449,-
27,28,Odette Rio,PHL,491,-
27,29,Euclid Hui,HKG,430,-
27,30,Russell Honeybun,AUS,401,-
27,31,Natthakorn Siriwatthanaphongsa,THA,478,-
27,32,Nopparuj Tipkaew,THA,466,-
27,33,Anthony Ikolo,NGA,353,-
27,34,Edward Okulicz,AUS,415,-
27,35,Norases Vesdapunt,THA,412,-
27,36,Marlon Prudencio,SGP,552,-
27,37,Samuel Crispin,GBR,551,-
27,38,Lukeman Owolabi,IRL,425,-
27,39,Chock Heng Kong,MYS,452,-
27,40,Apirat Choomai,THA,546,-
27,41,Charae Worapotpisut,THA,420,-
27,42,Thitipol Barameemuang,THA,458,-
27,43,Orlet Bullock,VCT,519,-
27,,Jesse Day,USA,-100,-
27,,Thomson Law,HKG,100,-
28,1,Madhav Gopal Kamath,IND,307,-
28,2,Andrew Fisher,AUS,428,-
28,3,Thacha Koowirat,THA,419,-
28,4,David Eldar,AUS,425,-
28,5,Harshan Lamabadusuriya,GBR,497,-
28,6,Cameron Farlow,AUS,465,-
28,7,Darren Khoo,MYS,435,-
28,8,Kian Boon Liew,SGP,509,-
28,9,Panupol Sujjayakorn,THA,401,-
28,10,Nigel Richards,NZL,631,-
28,11,Nuti Suri,THA,477,-
28,12,Ming Hui Hubert Wee,SGP,590,-
28,13,Alexander Gozali,IDN,396,-
28,14,Josh Watt,AUS,414,-
28,15,Ben Schoenbrun,USA,504,-
28,16,Jimoh Abdulmumin,NGA,597,-
28,17,Piotr Andronowski,GBR,441,-
28,18,Natalie Zolty,GBR,442,-
28,19,Sherwin Rodrigues,IND,570,-
28,20,William Kang,MYS,413,-
28,21,Jason Carney,GBR,414,-
28,22,Chollapat Itthi-Aree,THA,454,-
28,23,David Webb,GBR,468,-
28,24,Weibin Toh,SGP,516,-
28,25,Sujana Somasekar,IND,426,-
28,26,Trevor Halsall,AUS,394,-
28,27,Waseem Khatri,PAK,453,-
28,28,Austin Shin,USA,493,-
28,29,Jack Moran,GBR,401,-
28,30,Doko Oluwatimilehin,NGA,377,-
28,31,Anthony Ikolo,NGA,361,-
28,32,Dean Saldanha,CAN,501,-
28,33,Rob Robinsky,USA,438,-
28,34,Norases Vesdapunt,THA,413,-
28,35,Nopparuj Tipkaew,THA,390,-
28,36,Russell Honeybun,AUS,363,-
28,37,Lukeman Owolabi,IRL,513,-
28,38,Ishika Shivalingaiah,IND,393,-
28,39,CharnwitI Iamudom,THA,526,-
28,40,J Jeyaseelan,SGP,453,-
28,41,Gerry Carter,THA,365,-
28,42,Siddharth Nithyanand,IND,361,-
28,43,Mike Baron,USA,283,-
28,,Jesse Day,USA,-100,-
28,,Chock Heng Kong,MYS,100,-
29,1,Thacha Koowirat,THA,614,-
29,2,Jason Keller,USA,416,-
29,3,Joshua Castellano,USA,491,-
29,4,Chaiyottha Manachaisit,THA,416,-
29,5,Aditya Iyengar,IND,481,-
29,6,Harshan Lamabadusuriya,GBR,430,-
29,7,Akshay Bhandarkar,IND,511,-
29,8,Komol Panyasophonlert,THA,444,-
29,9,Brian Po,HKG,440,-
29,10,Samson Okosagah,USA,425,-
29,11,Ben Schoenbrun,USA,530,-
29,12,Irfan Siddiqui,BHR,350,-
29,13,Ricky Purnomo,SGP,395,-
29,14,CharnwitS Sukhumrattanaporn,THA,402,-
29,15,Natalie Zolty,GBR,478,-
29,16,Soramet Mettaviharee,THA,459,-
29,17,Chollapat Itthi-Aree,THA,413,-
29,18,Nattapat Nak-in,THA,518,-
29,19,Samrath Singh Bhatia,IND,367,-
29,20,Jimoh Abdulmumin,NGA,439,-
29,21,Puttapong Moonsarn,THA,452,-
29,22,Waseem Khatri,PAK,505,-
29,23,Suyash Manchali,IND,389,-
29,24,Akegapun Erbprasartsook,THA,530,-
29,25,Sujana Somasekar,IND,465,-
29,26,Ezinore George,NGA,417,-
29,27,Jakkrit Klaphajone,THA,453,-
29,28,Jason Carney,GBR,358,-
29,29,Doko Oluwatimilehin,NGA,437,-
29,30,Trevor Halsall,AUS,477,-
29,31,Norases Vesdapunt,THA,462,-
29,32,Vannitha Balasingam,MYS,431,-
29,33,Nopparuj Tipkaew,THA,460,-
29,34,Natthakorn Siriwatthanaphongsa,THA,362,-
29,35,Rob Robinsky,USA,484,-
29,36,Thitipol Barameemuang,THA,363,-
29,37,Edward Okulicz,AUS,445,-
29,38,Rik Kennedy,GBR,423,-
29,39,Apirat Choomai,THA,412,-
29,40,Orlet Bullock,VCT,382,-
29,41,Charae Worapotpisut,THA,421,-
29,42,Chock Heng Kong,MYS,381,-
29,43,Siddharth Nithyanand,IND,528,-
29,,Jesse Day,USA,-100,-
29,,CharnwitI Iamudom,THA,100,-
30,1,Aditya Iyengar,IND,324,-
30,2,Joshua Castellano,USA,403,-
30,3,Dave Wiegand,USA,554,-
30,4,Thacha Koowirat,THA,457,-
30,5,David Eldar,AUS,448,-
30,6,Cameron Farlow,AUS,359,-
30,7,Nigel Richards,NZL,398,-
30,8,Samson Okosagah,USA,498,-
30,9,Kian Boon Liew,SGP,373,-
30,10,Nuti Suri,THA,402,-
30,11,Michael Gongolo,KEN,493,-
30,12,Piotr Andronowski,GBR,339,-
30,13,Josh Watt,AUS,488,-
30,14,Sherwin Rodrigues,IND,386,-
30,15,Udayan Grover,IND,391,-
30,16,Chollapat Itthi-Aree,THA,610,-
30,17,Ricky Purnomo,SGP,316,-
30,18,Siu Hean Cheah,SGP,527,-
30,19,CharnwitS Sukhumrattanaporn,THA,381,-
30,20,Alexander Gozali,IDN,514,-
30,21,Odette Rio,PHL,414,-
30,22,Akegapun Erbprasartsook,THA,421,-
30,23,Puttapong Moonsarn,THA,348,-
30,24,Pesol Kosalakood,THA,354,-
30,25,Sanhanat Klanying,THA,442,-
30,26,Charles Carneiro,IND,370,-
30,27,Suyash Manchali,IND,423,-
30,28,Dean Saldanha,CAN,441,-
30,29,Doko Oluwatimilehin,NGA,409,-
30,30,Vannitha Balasingam,MYS,381,-
30,31,Samuel Crispin,GBR,450,-
30,32,Ezinore George,NGA,398,-
30,33,Euclid Hui,HKG,429,-
30,34,Rasheed Balogun,USA,502,-
30,35,Natthakorn Siriwatthanaphongsa,THA,451,-
30,36,Sanjoy Gupta,IND,394,-
30,37,Orlet Bullock,VCT,402,-
30,38,Ishika Shivalingaiah,IND,454,-
30,39,Mike Baron,USA,488,-
30,40,Gerry Carter,THA,329,-
30,41,J Jeyaseelan,SGP,553,-
30,42,Rik Kennedy,GBR,585,-
30,43,Thitipol Barameemuang,THA,438,-
30,,Jesse Day,USA,-100,-
30,,Thomson Law,HKG,100,-
31,1,Madhav Gopal Kamath,IND,448,-
31,2,David Eldar,AUS,531,-
31,3,Dave Wiegand,USA,413,-
31,4,Chaiyottha Manachaisit,THA,336,-
31,5,Harshan Lamabadusuriya,GBR,495,-
31,6,Napat Vatjaranurathorn,THA,494,-
31,7,Michael Gongolo,KEN,497,-
31,8,Samson Okosagah,USA,508,-
31,9,Josh Watt,AUS,568,-
31,10,Panupol Sujjayakorn,THA,581,-
31,11,Nuti Suri,THA,409,-
31,12,Nigel Richards,NZL,474,-
31,13,Nattapat Nak-in,THA,420,-
31,14,Soramet Mettaviharee,THA,326,-
31,15,Kian Boon Liew,SGP,412,-
31,16,Jimoh Abdulmumin,NGA,453,-
31,17,Piotr Andronowski,GBR,436,-
31,18,Siu Hean Cheah,SGP,529,-
31,19,Ming Hui Hubert Wee,SGP,443,-
31,20,Alexander Gozali,IDN,451,-
31,21,Austin Shin,USA,566,-
31,22,Weibin Toh,SGP,375,-
31,23,Puttapong Moonsarn,THA,281,-
31,24,David Webb,GBR,471,-
31,25,Trevor Halsall,AUS,567,-
31,26,Charles Carneiro,IND,268,-
31,27,Jack Moran,GBR,420,-
31,28,Sujana Somasekar,IND,403,-
31,29,Rasheed Balogun,USA,411,-
31,30,Nopparuj Tipkaew,THA,512,-
31,31,Samuel Crispin,GBR,448,-
31,32,Lukeman Owolabi,IRL,583,-
31,33,Ryan Wee,SGP,387,-
31,34,Marlon Prudencio,SGP,420,-
31,35,Jason Carney,GBR,391,-
31,36,Euclid Hui,HKG,446,-
31,37,CharnwitI Iamudom,THA,465,-
31,38,Charae Worapotpisut,THA,449,-
31,39,Edward Okulicz,AUS,426,-
31,40,Sanjoy Gupta,IND,428,-
31,41,Russell Honeybun,AUS,430,-
31,42,Chock Heng Kong,MYS,412,-
31,43,Mike Baron,USA,416,-
31,,Jesse Day,USA,-100,-
31,,Apirat Choomai,THA,100,-
32,1,David Eldar,AUS,437,-
32,2,Dave Wiegand,USA,523,-
32,3,Jason Keller,USA,350,-
32,4,Harshan Lamabadusuriya,GBR,506,-
32,5,Napat Vatjaranurathorn,THA,543,-
32,6,Samson Okosagah,USA,426,-
32,7,Ben Schoenbrun,USA,540,-
32,8,Darren Khoo,MYS,400,-
32,9,Andrew Fisher,AUS,398,-
32,10,Natalie Zolty,GBR,377,-
32,11,Brian Po,HKG,534,-
32,12,Akshay Bhandarkar,IND,478,-
32,13,Komol Panyasophonlert,THA,513,-
32,14,Jimoh Abdulmumin,NGA,537,-
32,15,Irfan Siddiqui,BHR,383,-
32,16,Ming Hui Hubert Wee,SGP,486,-
32,17,Alexander Gozali,IDN,478,-
32,18,Austin Shin,USA,517,-
32,19,Sanhanat Klanying,THA,464,-
32,20,Jakkrit Klaphajone,THA,494,-
32,21,Piotr Andronowski,GBR,464,-
32,22,Waseem Khatri,PAK,509,-
32,23,Suyash Manchali,IND,489,-
32,24,Akegapun Erbprasartsook,THA,429,-
32,25,Weibin Toh,SGP,495,-
32,26,Rasheed Balogun,USA,543,-
32,27,Odette Rio,PHL,419,-
32,28,Samuel Crispin,GBR,443,-
32,29,Lukeman Owolabi,IRL,383,-
32,30,Jack Moran,GBR,468,-
32,31,Norases Vesdapunt,THA,435,-
32,32,Ezinore George,NGA,310,-
32,33,Vannitha Balasingam,MYS,335,-
32,34,Pesol Kosalakood,THA,480,-
32,35,Ryan Wee,SGP,368,-
32,36,Thomson Law,HKG,444,-
32,37,Jason Carney,GBR,365,-
32,38,Ishika Shivalingaiah,IND,423,-
32,39,CharnwitI Iamudom,THA,417,-
32,40,Russell Honeybun,AUS,563,-
32,41,Sanjoy Gupta,IND,414,-
32,42,Chock Heng Kong,MYS,501,-
32,43,Siddharth Nithyanand,IND,607,-
32,,Jesse Day,USA,-100,-
32,,Gerry Carter,THA,100,-
33,1,Madhav Gopal Kamath,IND,365,-
33,2,Joshua Castellano,USA,470,-
33,3,Thacha Koowirat,THA,429,-
33,4,Jason Keller,USA,446,-
33,5,Aditya Iyengar,IND,432,-
33,6,Panupol Sujjayakorn,THA,548,-
33,7,Nuti Suri,THA,392,-
33,8,Chaiyottha Manachaisit,THA,407,-
33,9,Josh Watt,AUS,305,-
33,10,Akshay Bhandarkar,IND,420,-
33,11,Darren Khoo,MYS,431,-
33,12,Andrew Fisher,AUS,445,-
33,13,Natalie Zolty,GBR,426,-
33,14,Sherwin Rodrigues,IND,341,-
33,15,Austin Shin,USA,472,-
33,16,Cameron Farlow,AUS,380,-
33,17,Jakkrit Klaphajone,THA,446,-
33,18,Nattapat Nak-in,THA,390,-
33,19,Waseem Khatri,PAK,359,-
33,20,Suyash Manchali,IND,327,-
33,21,Doko Oluwatimilehin,NGA,471,-
33,22,Ricky Purnomo,SGP,404,-
33,23,Weibin Toh,SGP,426,-
33,24,David Webb,GBR,411,-
33,25,Trevor Halsall,AUS,534,-
33,26,William Kang,MYS,392,-
33,27,Rob Robinsky,USA,529,-
33,28,Marlon Prudencio,SGP,297,-
33,29,Dean Saldanha,CAN,509,-
33,30,Samrath Singh Bhatia,IND,400,-
33,31,Anthony Ikolo,NGA,440,-
33,32,Lukeman Owolabi,IRL,532,-
33,33,Apirat Choomai,THA,414,-
33,34,Thomson Law,HKG,424,-
33,35,Vannitha Balasingam,MYS,465,-
33,36,Euclid Hui,HKG,484,-
33,37,Ryan Wee,SGP,534,-
33,38,Rik Kennedy,GBR,525,-
33,39,Thitipol Barameemuang,THA,379,-
33,40,Orlet Bullock,VCT,393,-
33,41,Natthakorn Siriwatthanaphongsa,THA,538,-
33,42,J Jeyaseelan,SGP,430,-
33,43,Mike Baron,USA,491,-
33,,Jesse Day,USA,-100,-
33,,Siddharth Nithyanand,IND,100,-
34,1,David Eldar,AUS,569,-
34,2,Dave Wiegand,USA,444,-
34,3,Jason Keller,USA,416,-
34,4,Aditya Iyengar,IND,426,-
34,5,Napat Vatjaranurathorn,THA,376,-
34,6,Nigel Richards,NZL,492,-
34,7,Brian Po,HKG,474,-
34,8,Ben Schoenbrun,USA,426,-
34,9,Andrew Fisher,AUS,419,-
34,10,Michael Gongolo,KEN,491,-
34,11,Ming Hui Hubert Wee,SGP,403,-
34,12,Austin Shin,USA,435,-
34,13,Komol Panyasophonlert,THA,475,-
34,14,Chollapat Itthi-Aree,THA,429,-
34,15,Siu Hean Cheah,SGP,364,-
34,16,Nattapat Nak-in,THA,525,-
34,17,Soramet Mettaviharee,THA,487,-
34,18,Sanhanat Klanying,THA,559,-
34,19,Rasheed Balogun,USA,463,-
34,20,Cameron Farlow,AUS,429,-
34,21,Irfan Siddiqui,BHR,305,-
34,22,Trevor Halsall,AUS,502,-
34,23,William Kang,MYS,371,-
34,24,Sujana Somasekar,IND,357,-
34,25,Ricky Purnomo,SGP,427,-
34,26,Dean Saldanha,CAN,466,-
34,27,Odette Rio,PHL,481,-
34,28,Anthony Ikolo,NGA,544,-
34,29,Akegapun Erbprasartsook,THA,480,-
34,30,Jack Moran,GBR,491,-
34,31,Marlon Prudencio,SGP,552,-
34,32,Nopparuj Tipkaew,THA,327,-
34,33,Pesol Kosalakood,THA,385,-
34,34,Ryan Wee,SGP,456,-
34,35,Charles Carneiro,IND,385,-
34,36,Rik Kennedy,GBR,585,-
34,37,Ezinore George,NGA,514,-
34,38,Ishika Shivalingaiah,IND,514,-
34,39,CharnwitI Iamudom,THA,425,-
34,40,Thitipol Barameemuang,THA,394,-
34,41,Edward Okulicz,AUS,415,-
34,42,Chock Heng Kong,MYS,420,-
34,43,Gerry Carter,THA,456,-
34,,Jesse Day,USA,-100,-
34,,J Jeyaseelan,SGP,100,-
35,1,David Eldar,AUS,429,-
35,2,Thacha Koowirat,THA,358,-
35,3,Harshan Lamabadusuriya,GBR,443,-
35,4,Panupol Sujjayakorn,THA,484,-
35,5,Nigel Richards,NZL,481,-
35,6,Brian Po,HKG,443,-
35,7,Andrew Fisher,AUS,474,-
35,8,Chaiyottha Manachaisit,THA,437,-
35,9,Samson Okosagah,USA,519,-
35,10,Komol Panyasophonlert,THA,512,-
35,11,Jimoh Abdulmumin,NGA,420,-
35,12,Chollapat Itthi-Aree,THA,374,-
35,13,Siu Hean Cheah,SGP,429,-
35,14,Ming Hui Hubert Wee,SGP,380,-
35,15,Josh Watt,AUS,461,-
35,16,Udayan Grover,IND,469,-
35,17,Weibin Toh,SGP,464,-
35,18,David Webb,GBR,448,-
35,19,Natalie Zolty,GBR,360,-
35,20,Suyash Manchali,IND,465,-
35,21,Rob Robinsky,USA,492,-
35,22,Dean Saldanha,CAN,392,-
35,23,Odette Rio,PHL,488,-
35,24,Jakkrit Klaphajone,THA,477,-
35,25,Anthony Ikolo,NGA,471,-
35,26,Akegapun Erbprasartsook,THA,505,-
35,27,Jack Moran,GBR,486,-
35,28,Marlon Prudencio,SGP,540,-
35,29,Samuel Crispin,GBR,498,-
35,30,CharnwitS Sukhumrattanaporn,THA,475,-
35,31,Samrath Singh Bhatia,IND,374,-
35,32,Rik Kennedy,GBR,425,-
35,33,Norases Vesdapunt,THA,428,-
35,34,Charae Worapotpisut,THA,417,-
35,35,Pesol Kosalakood,THA,380,-
35,36,Euclid Hui,HKG,448,-
35,37,Charles Carneiro,IND,448,-
35,38,Thomson Law,HKG,487,-
35,39,Jason Carney,GBR,385,-
35,40,Sanjoy Gupta,IND,431,-
35,41,Russell Honeybun,AUS,390,-
35,42,J Jeyaseelan,SGP,490,-
35,43,Mike Baron,USA,348,-
35,,Jesse Day,USA,-100,-
35,,Orlet Bullock,VCT,100,-
36,1,Joshua Castellano,USA,467,-
36,2,Harshan Lamabadusuriya,GBR,514,-
36,3,Madhav Gopal Kamath,IND,410,-
36,4,Ben Schoenbrun,USA,453,-
36,5,Jason Keller,USA,450,-
36,6,Michael Gongolo,KEN,400,-
36,7,Samson Okosagah,USA,526,-
36,8,Akshay Bhandarkar,IND,413,-
36,9,Nuti Suri,THA,459,-
36,10,Chaiyottha Manachaisit,THA,403,-
36,11,Soramet Mettaviharee,THA,268,-
36,12,Austin Shin,USA,653,-
36,13,Udayan Grover,IND,475,-
36,14,David Webb,GBR,375,-
36,15,Chollapat Itthi-Aree,THA,464,-
36,16,Trevor Halsall,AUS,495,-
36,17,Sanhanat Klanying,THA,486,-
36,18,Rob Robinsky,USA,354,-
36,19,Cameron Farlow,AUS,372,-
36,20,Odette Rio,PHL,387,-
36,21,Piotr Andronowski,GBR,561,-
36,22,Natalie Zolty,GBR,488,-
36,23,Sherwin Rodrigues,IND,458,-
36,24,Marlon Prudencio,SGP,425,-
36,25,Ricky Purnomo,SGP,449,-
36,26,Samuel Crispin,GBR,440,-
36,27,Lukeman Owolabi,IRL,490,-
36,28,William Kang,MYS,440,-
36,29,Doko Oluwatimilehin,NGA,471,-
36,30,Norases Vesdapunt,THA,445,-
36,31,Nopparuj Tipkaew,THA,445,-
36,32,Puttapong Moonsarn,THA,453,-
36,33,Samrath Singh Bhatia,IND,456,-
36,34,Apirat Choomai,THA,372,-
36,35,Thomson Law,HKG,432,-
36,36,Charae Worapotpisut,THA,498,-
36,37,Ishika Shivalingaiah,IND,453,-
36,38,CharnwitI Iamudom,THA,395,-
36,39,Natthakorn Siriwatthanaphongsa,THA,427,-
36,40,Edward Okulicz,AUS,445,-
36,41,Chock Heng Kong,MYS,362,-
36,42,Siddharth Nithyanand,IND,419,-
36,43,Gerry Carter,THA,440,-
36,,David Eldar,AUS,100,-
36,,Jesse Day,USA,-100,-
